title,text,rating,page
Deep Learning,Neural network frameworks for complex pattern recognition and feature learning. Used in image/speech recognition and autonomous systems.,,deep-learning
Data Manipulation,"Tools for cleaning, transforming, and restructuring data. Essential for preparing datasets for analysis.",,data-manipulation
Scientific Computing,Libraries for high-performance numerical operations and scientific calculations.,,scientific-computing
Data Visualization,General-purpose and task-specific data visualization libraries.,,data-visualization
Machine Learning (Gradient Boosting),Specialized algorithms for predictive modeling using decision tree ensembles.,,machine-learning-gradient-boosting
Natural Language Processing,"Text analysis tools for language understanding, translation, and text generation.",,natural-language-processing
Statistical Analysis and Econometrics,Libraries for statistical modeling and economic data analysis.,,statistical-analysis-and-econometrics
Hyperparameter Optimization,Tools to automatically tune machine learning model parameters.,,hyperparameter-optimization
Machine Learning Auto ML,Automated systems for model selection and optimization.,,machine-learning-auto-ml
Graph Visualization,Libraries for network/relationship data visualization.,,graph-visualization
Statistical Modeling,"Tools for statistical inference, hypothesis testing, and regression analysis.",,statistical-modeling
Web Scraping,Libraries for extracting data from websites automatically.,,web-scraping
Web Mining,Tools for analyzing web content patterns and user behavior.,,web-mining
Computer Vision,Image/video processing and analysis libraries.,,computer-vision
Graph Neural Networks,Specialized networks for processing graph-structured data.,,graph-neural-networks
Generative AI,"Models for creating new content (text, images, audio).",,generative-ai
Deep Learning Frameworks,Comprehensive platforms for building/training neural networks.,,deep-learning-frameworks
Data Management,Tools for organizing/storing large datasets efficiently.,,data-management
Interactive Computing,Notebooks and environments for exploratory data analysis.,,interactive-computing
Experiment Tracking,Systems for monitoring ML experiments and model versions.,,experiment-tracking
Expert Systems,Rule-based AI for domain-specific decision making.,,expert-systems
Data Processing,Tools for ETL operations and data pipeline creation.,,data-processing
Big Data Processing,Frameworks for handling large-scale distributed data.,,big-data-processing
Model Inference,Tools for deploying and serving ML models.,,model-inference
Data Validation,Libraries for verifying data quality and consistency.,,data-validation
Geospatial Data,"Libraries to load, process, analyze, and write geographic data as well as libraries for spatial analysis, map visualization, and geocoding.",,geospatial-data
Signal Processing,"Tools for analyzing/modifying time-series data and signals. Used in audio processing, sensor data analysis.",,signal-processing
Anomaly Detection,Libraries for identifying unusual patterns in data streams/datasets.,,anomaly-detection
Data Mining,Tools for discovering patterns and extracting insights from large datasets.,,data-mining
Feature Engineering,Libraries for creating and selecting relevant features for ML models.,,feature-engineering
Experiment Management,"Frameworks for tracking ML experiments, parameters, and results.",,experiment-management
Distributed Computing,Tools for parallel processing across multiple machines.,,distributed-computing
Distributed Deep Learning,Frameworks for training neural networks across GPU clusters.,,distributed-deep-learning
Game Development,Libraries for creating 2D/3D games and simulations.,,game-development
Probabilistic Modeling,Tools for statistical inference and uncertainty quantification.,,probabilistic-modeling
Reinforcement Learning,Libraries for building and evaluating reinforcement learning & agent-based systems.,,reinforcement-learning
Data Scraping,Tools for automated extraction of data from websites and documents.,,data-scraping
Web Development,Frameworks for building web applications and APIs.,,web-development
Testing,Libraries for unit/integration testing and test automation.,,testing
Optimization,Tools for mathematical optimization and algorithm efficiency.,,optimization
Database Management,Libraries for database operations and ORM functionality.,,database-management
Graph Analysis,Tools for analyzing network structures and relationships.,,graph-analysis
Neural Networks,Libraries for building and training artificial neural networks.,,neural-networks
Neural Network Visualization,Tools for visualizing neural network architectures.,,neural-network-visualization
Time Series Analysis,Libraries for analyzing sequential/temporal data patterns.,,time-series-analysis
Probabilistic Programming,Frameworks for statistical modeling with uncertainty.,,probabilistic-programming
Audio Processing,"Libraries for audio analysis, manipulation, transformation, and extraction, as well as speech recognition and music generation tasks.",,audio-processing
LLM,Large Language Models for text generation and understanding.,,llm
Explainable AI,Tools for interpreting ML model decisions and outputs.,,explainable-ai
Chatbots,Frameworks for building conversational AI applications.,,chatbots
Numerical Processing,Libraries for efficient mathematical computations.,,numerical-processing
Data Analysis,Tools for exploring and analyzing structured/unstructured data.,,data-analysis
Tensor Computation,Libraries for multi-dimensional array operations.,,tensor-computation
Neural Network Framework,Comprehensive platforms for building neural networks.,,neural-network-framework
Data Science,"Tools integrating statistics, analysis, and visualization.",,data-science
AI Agents,Frameworks for building autonomous decision-making systems.,,ai-agents
Machine Learning Frameworks,General-purpose machine learning and deep learning frameworks.,,machine-learning-frameworks
Financial Data,"Libraries for algorithmic stock/crypto trading, risk analytics, backtesting, technical analysis, and other tasks on financial data.",,financial-data
Time Series Data,"Libraries for forecasting, anomaly detection, feature extraction, and machine learning on time-series and sequential data.",,time-series-data
Medical Data,"Libraries for processing and analyzing medical data such as MRIs, EEGs, genomic data, and other medical imaging formats.",,medical-data
Tabular Data,Libraries for processing tabular and structured data.,,tabular-data
Optical Character Recognition,Libraries for optical character recognition (OCR) and text extraction from images or videos.,,optical-character-recognition
Distributed Machine Learning,Libraries that provide capabilities to distribute and parallelize machine learning tasks across large-scale compute infrastructure.,,distributed-machine-learning
Recommender Systems,Libraries for building and evaluating recommendation systems.,,recommender-systems
Privacy Machine Learning,Libraries for encrypted and privacy-preserving machine learning using methods like federated learning & differential privacy.,,privacy-machine-learning
Workflow & Experiment Tracking,"Libraries to organize, track, and visualize machine learning experiments.",,workflow-experiment-tracking
Model Serialization & Deployment,"Libraries to serialize models to files, convert between a variety of model formats, and optimize models for deployment.",,model-serialization-deployment
Model Interpretability,"Libraries to visualize, explain, debug, evaluate, and interpret machine learning models.",,model-interpretability
Vector Similarity Search (ANN),Libraries for Approximate Nearest Neighbor Search and Vector Indexing/Similarity Search.,,vector-similarity-search-ann
Probabilistics & Statistics,"Libraries providing capabilities for probabilistic programming/reasoning, bayesian inference, gaussian processes, or statistics.",,probabilistics-statistics
Adversarial Robustness,Libraries for testing the robustness of machine learning models against attacks with adversarial/malicious examples.,,adversarial-robustness
GPU & Accelerator Utilities,Libraries that require and make use of CUDA/GPU or other accelerator hardware capabilities to optimize machine learning tasks.,,gpu-accelerator-utilities
Tensorflow Utilities,Libraries that extend TensorFlow with additional capabilities.,,tensorflow-utilities
Jax Utilities,Libraries that extend Jax with additional capabilities.,,jax-utilities
Sklearn Utilities,Sklearn Utilities,,sklearn-utilities
Pytorch Utilities,Libraries that extend Pytorch with additional capabilities.,,pytorch-utilities
Others,,,others
Hyperparameter Optimization & AutoML,"Libraries for hyperparameter optimization, automl and neural architecture search.",,hyperparameter-optimization-automl
Image Data,"Libraries for image & video processing, manipulation, and augmentation as well as libraries for computer vision tasks such as facial recognition, object detection, and classification.",,image-data
Text Data & NLP,"Libraries for processing, cleaning, manipulating, and analyzing text data as well as libraries for NLP tasks such as language detection, fuzzy matching, classification, seq2seq learning, conversational AI, keyword extraction, and translation.",,text-data-nlp
Graph Data,"Libraries for graph processing, clustering, embedding, and machine learning tasks.",,graph-data
Hyperdimensional Computing,"Hyperdimensional Computing (HDC) is a computational approach, particularly relevant to artificial general intelligence, that draws inspiration from the high-dimensional data representations used by the cerebellum cortex14. It is also known as Vector Symbolic Architecture",,hyperdimensional-computing
