title,text,rating
Deep Learning,Neural network frameworks for complex pattern recognition and feature learning. Used in image/speech recognition and autonomous systems.,
Data Manipulation,"Tools for cleaning, transforming, and restructuring data. Essential for preparing datasets for analysis.",
Scientific Computing,Libraries for high-performance numerical operations and scientific calculations.,
Data Visualization,General-purpose and task-specific data visualization libraries.,
Machine Learning (Gradient Boosting),Specialized algorithms for predictive modeling using decision tree ensembles.,
Natural Language Processing,"Text analysis tools for language understanding, translation, and text generation.",
Statistical Analysis and Econometrics,Libraries for statistical modeling and economic data analysis.,
Hyperparameter Optimization,Tools to automatically tune machine learning model parameters.,
Machine Learning Auto ML,Automated systems for model selection and optimization.,
Graph Visualization,Libraries for network/relationship data visualization.,
Statistical Modeling,"Tools for statistical inference, hypothesis testing, and regression analysis.",
Web Scraping,Libraries for extracting data from websites automatically.,
Web Mining,Tools for analyzing web content patterns and user behavior.,
Computer Vision,Image/video processing and analysis libraries.,
Graph Neural Networks,Specialized networks for processing graph-structured data.,
Generative AI,"Models for creating new content (text, images, audio).",
Deep Learning Frameworks,Comprehensive platforms for building/training neural networks.,
Data Management,Tools for organizing/storing large datasets efficiently.,
Interactive Computing,Notebooks and environments for exploratory data analysis.,
Experiment Tracking,Systems for monitoring ML experiments and model versions.,
Expert Systems,Rule-based AI for domain-specific decision making.,
Data Processing,Tools for ETL operations and data pipeline creation.,
Big Data Processing,Frameworks for handling large-scale distributed data.,
Model Inference,Tools for deploying and serving ML models.,
Data Validation,Libraries for verifying data quality and consistency.,
Geospatial Data,"Libraries to load, process, analyze, and write geographic data as well as libraries for spatial analysis, map visualization, and geocoding.",
Signal Processing,"Tools for analyzing/modifying time-series data and signals. Used in audio processing, sensor data analysis.",
Anomaly Detection,Libraries for identifying unusual patterns in data streams/datasets.,
Data Mining,Tools for discovering patterns and extracting insights from large datasets.,
Feature Engineering,Libraries for creating and selecting relevant features for ML models.,
Experiment Management,"Frameworks for tracking ML experiments, parameters, and results.",
Distributed Computing,Tools for parallel processing across multiple machines.,
Distributed Deep Learning,Frameworks for training neural networks across GPU clusters.,
Game Development,Libraries for creating 2D/3D games and simulations.,
Probabilistic Modeling,Tools for statistical inference and uncertainty quantification.,
Reinforcement Learning,Libraries for building and evaluating reinforcement learning & agent-based systems.,
Data Scraping,Tools for automated extraction of data from websites and documents.,
Web Development,Frameworks for building web applications and APIs.,
Testing,Libraries for unit/integration testing and test automation.,
Optimization,Tools for mathematical optimization and algorithm efficiency.,
Database Management,Libraries for database operations and ORM functionality.,
Graph Analysis,Tools for analyzing network structures and relationships.,
Neural Networks,Libraries for building and training artificial neural networks.,
Neural Network Visualization,Tools for visualizing neural network architectures.,
Time Series Analysis,Libraries for analyzing sequential/temporal data patterns.,
Probabilistic Programming,Frameworks for statistical modeling with uncertainty.,
Audio Processing,"Libraries for audio analysis, manipulation, transformation, and extraction, as well as speech recognition and music generation tasks.",
LLM,Large Language Models for text generation and understanding.,
Explainable AI,Tools for interpreting ML model decisions and outputs.,
Chatbots,Frameworks for building conversational AI applications.,
Numerical Processing,Libraries for efficient mathematical computations.,
Data Analysis,Tools for exploring and analyzing structured/unstructured data.,
Tensor Computation,Libraries for multi-dimensional array operations.,
Neural Network Framework,Comprehensive platforms for building neural networks.,
Data Science,"Tools integrating statistics, analysis, and visualization.",
AI Agents,Frameworks for building autonomous decision-making systems. ,
Machine Learning Frameworks,General-purpose machine learning and deep learning frameworks.,
Financial Data,"Libraries for algorithmic stock/crypto trading, risk analytics, backtesting, technical analysis, and other tasks on financial data.",
Time Series Data,"Libraries for forecasting, anomaly detection, feature extraction, and machine learning on time-series and sequential data.",
Medical Data,"Libraries for processing and analyzing medical data such as MRIs, EEGs, genomic data, and other medical imaging formats.",
Tabular Data,Libraries for processing tabular and structured data.,
Optical Character Recognition,Libraries for optical character recognition (OCR) and text extraction from images or videos.,
Distributed Machine Learning,Libraries that provide capabilities to distribute and parallelize machine learning tasks across large-scale compute infrastructure.,
Recommender Systems,Libraries for building and evaluating recommendation systems.,
Privacy Machine Learning,Libraries for encrypted and privacy-preserving machine learning using methods like federated learning & differential privacy.,
Workflow & Experiment Tracking,"Libraries to organize, track, and visualize machine learning experiments.",
Model Serialization & Deployment,"Libraries to serialize models to files, convert between a variety of model formats, and optimize models for deployment.",
Model Interpretability,"Libraries to visualize, explain, debug, evaluate, and interpret machine learning models.",
Vector Similarity Search (ANN),Libraries for Approximate Nearest Neighbor Search and Vector Indexing/Similarity Search.,
Probabilistics & Statistics,"Libraries providing capabilities for probabilistic programming/reasoning, bayesian inference, gaussian processes, or statistics.",
Adversarial Robustness,Libraries for testing the robustness of machine learning models against attacks with adversarial/malicious examples.,
GPU & Accelerator Utilities,Libraries that require and make use of CUDA/GPU or other accelerator hardware capabilities to optimize machine learning tasks.,
Tensorflow Utilities,Libraries that extend TensorFlow with additional capabilities.,
Jax Utilities,Libraries that extend Jax with additional capabilities.,
Sklearn Utilities,Sklearn Utilities,
Pytorch Utilities,Libraries that extend Pytorch with additional capabilities.,
Others,,
Hyperparameter Optimization & AutoML,"Libraries for hyperparameter optimization, automl and neural architecture search.",
Image Data,"Libraries for image & video processing, manipulation, and augmentation as well as libraries for computer vision tasks such as facial recognition, object detection, and classification.",
Text Data & NLP,"Libraries for processing, cleaning, manipulating, and analyzing text data as well as libraries for NLP tasks such as language detection, fuzzy matching, classification, seq2seq learning, conversational AI, keyword extraction, and translation.",
Graph Data,"Libraries for graph processing, clustering, embedding, and machine learning tasks.",
Hyperdimensional Computing,"Hyperdimensional Computing (HDC) is a computational approach, particularly relevant to artificial general intelligence, that draws inspiration from the high-dimensional data representations used by the cerebellum cortex14. It is also known as Vector Symbolic Architecture",
